job_url,site,title,company,company_url,location,job_type,date_posted,interval,min_amount,max_amount,currency,is_remote,num_urgent_words,benefits,emails,description
"https://www.glassdoor.com/job-listing/senior-systems-engineer-ondek-solutions-JV_IC1165756_KO0,23_KE24,39.htm?jl=1008977496066",glassdoor,Senior Systems Engineer,OnDek Solutions,,"Fort Meade, MD",,2023-11-13,yearly,170000,180000,USD,False,,,,
"https://www.glassdoor.com/job-listing/vista-system-engineer-level-2-dept-11-7974-que-technology-group-JV_IC1165756_KO0,42_KE43,63.htm?jl=1008723778798",glassdoor,VISTA System Engineer - Level 2 (Dept 11) 7974,Que Technology Group,,"Fort Meade, MD",,2023-06-26,yearly,57080,86162,USD,False,,,,
"https://www.glassdoor.com/job-listing/senior-help-desk-senior-systems-engineer-mns-group-JV_IC1153530_KO0,40_KE41,50.htm?jl=1008837447673",glassdoor,Senior Help Desk/ Senior Systems Engineer,MNS Group,,"Belcamp, MD",,2023-08-28,yearly,80000,100000,USD,False,,,,
"https://www.glassdoor.com/job-listing/satellite-communications-industrial-engineer-mba-in-greenbelt-md-teltrium-solutions-llc-JV_IC1153857_KO0,64_KE65,87.htm?jl=1008894563982",glassdoor,"Satellite Communications Industrial Engineer/MBA in Greenbelt, MD","Teltrium Solutions, LLC",,"Greenbelt, MD",,2023-09-28,,,,,False,,,,
"https://www.glassdoor.com/job-listing/system-engineer-level-3-dept-17-418-que-technology-group-JV_IC1165756_KO0,35_KE36,56.htm?jl=1008727829420",glassdoor,System Engineer - Level 3 (Dept 17) 418,Que Technology Group,,"Fort Meade, MD",,2023-06-28,yearly,53707,79270,USD,False,,,,
"https://www.glassdoor.com/job-listing/sr-systems-engineer-ts-sci-with-lifestyle-poly-only-xelas-systems-engineering-llc-JV_IC1165756_KO0,51_KE52,81.htm?jl=1009001645521",glassdoor,Sr. Systems Engineer (TS/SCI with lifestyle poly only),"Xelas Systems Engineering, LLC",,"Fort Meade, MD",,2023-11-28,yearly,155000,190000,USD,False,,,,
"https://www.glassdoor.com/job-listing/network-engineer-level-3-dept-17-009-que-technology-group-JV_IC1165756_KO0,36_KE37,57.htm?jl=1008550478405",glassdoor,Network Engineer - Level 3 (Dept 17) 009,Que Technology Group,,"Fort Meade, MD",,2023-03-26,yearly,50779,75482,USD,False,,,,
"https://www.glassdoor.com/job-listing/information-systems-security-engineer-novul-solutions-JV_IC1153524_KO0,37_KE38,53.htm?jl=1008940770049",glassdoor,Information Systems Security Engineer,Novul Solutions,,"Annapolis Junction, MD",,2023-10-23,,,,,False,,,,
"https://www.glassdoor.com/job-listing/system-engineer-ts-sci-with-full-scope-poly-contingent-crew-llc-JV_IC1165756_KO0,43_KE44,63.htm?jl=1008979241218",glassdoor,System Engineer TS/SCI with Full Scope Poly,"Contingent Crew, LLC",,"Fort Meade, MD",,2023-11-14,yearly,120000,220000,USD,False,,,,
"https://www.glassdoor.com/job-listing/principal-systems-engineer-novul-solutions-JV_IC1153546_KO0,26_KE27,42.htm?jl=1008964955275",glassdoor,Principal Systems Engineer,Novul Solutions,,"Columbia, MD",,2023-11-06,yearly,180000,240000,USD,False,,,,
"https://www.glassdoor.com/job-listing/embedded-developer-multiple-levels-skaggs-consulting-inc-JV_IC1153584_KO0,34_KE35,56.htm?jl=1008926955316",glassdoor,Embedded Developer (Multiple Levels),"Skaggs Consulting, Inc.",,"Hanover, MD",,2023-10-15,yearly,200000,250000,USD,False,,,,
"https://www.glassdoor.com/job-listing/network-engineer-prominent-global-solutions-JV_IC1165756_KO0,16_KE17,43.htm?jl=1008764015997",glassdoor,Network Engineer,Prominent Global Solutions,,"Fort Meade, MD",,2023-07-18,yearly,39261,116172,USD,False,,,,
"https://www.glassdoor.com/job-listing/senior-robotics-engineer-equinox-innovative-systems-JV_IC1153546_KO0,24_KE25,51.htm?jl=1009005386378",glassdoor,Senior Robotics Engineer,Equinox Innovative Systems,,"Columbia, MD",,2023-11-30,yearly,120000,180000,USD,False,,,,
"https://www.glassdoor.com/job-listing/senior-systems-engineer-leidos-JV_IC1165775_KO0,23_KE24,30.htm?jl=1008883000766",glassdoor,Senior Systems Engineer,Leidos,,"Linthicum, MD",,2023-09-22,yearly,142350,257325,USD,False,,,,
"https://www.glassdoor.com/job-listing/quality-systems-engineer-wr-grace-co-JV_IC1153527_KO0,24_KE25,36.htm?jl=1008847187385",glassdoor,Quality Systems Engineer,W. R. Grace & Co.,,"Baltimore, MD",,2023-09-01,yearly,68052,93100,USD,False,,,,
https://www.indeed.com/viewjob?jk=3b4213ae6002c5d5,indeed,System Engineer,Northrop Grumman,https://www.indeed.com/cmp/Northrop-Grumman,"Linthicum, MD, USA",,2023-12-03,yearly,120800,181200,USD,False,0,,,"Requisition ID: R10141300 Category : Engineering Location : Linthicum, Maryland, United States of America Citizenship required : United States Citizenship Clearance Type : SCI Telecommute : Yes-May consider hybrid teleworking for this position Shift : 1st Shift (United States of America) Travel Required : Yes, 10% of the Time Positions Available : 1 At Northrop Grumman, our employees have incredible opportunities to work on revolutionary systems that impact people's lives around the world today, and for generations to come. Our pioneering and inventive spirit has enabled us to be at the forefront of many technological advancements in our nation's history - from the first flight across the Atlantic Ocean, to stealth bombers, to landing on the moon. We look for people who have bold new ideas, courage and a pioneering spirit to join forces to invent the future, and have fun along the way. Our culture thrives on intellectual curiosity, cognitive diversity and bringing your whole self to work — and we have an insatiable drive to do what others think is impossible. Our employees are not only part of history, they're making history. The Payload and Ground Systems Division (PGSD) of Northrop Grumman’s Space Systems Sector is a strategic partner specializing in delivering intelligence, surveillance, and reconnaissance solutions for classified and unclassified missions in space. Headquartered in Linthicum, Maryland, PGSD has offices, manufacturing, and world-class assembly, integration, and test facilities. We do it all here, on-site, from sensors to payloads to full up spacecraft, supporting Class A to Class D missions. Our key capabilities include Active RF, Passive RF, and Electro-Optical payloads, space solar power, cross domain missions, and space resilience payloads & solutions. PGSD’s Remote Sensing Programs (RSP) Systems Engineering, Integration and Test (SEIT) organization is seeking a candidate to manage a team of SEIT engineers. This is for a manager of our Specialty Engineering organization comprised of Radiation Effects, Reliability, Contamination Control, System Safety and EMI/EMC . This is a dual-role manager position, involving balancing both the overall Functional oversight and management of a Systems Engineering group of ~12 engineers as well as performance of productive work on a program or several programs. The candidate will spend ~20% of their time on support of the organization and ~80% of their time on technical program work. The management side involves organizational administrative activities and helping their employees’ performance and career development through guidance and training. The direct program work may include systems engineering technical work, conducting design reviews, IPT leadership, consulting, proposal support, or any other appropriate technical function. Specific management responsibilities include: Recruiting and retention Training Career guidance and goal-setting Performance evaluations Compensation evaluations and coordination Policy dissemination Employee inclusion and engagement Staffing, workload planning/forecasting and time charge approvals Engineering process development and maintenance Development and implementation of departmental vision and strategies Basic Qualifications: Bachelor's + 5 years of exp; Master's + 3 years of exp; PhD + 0 years of exp. Demonstrated ability to lead and motivate diverse and inclusive teams in a leadership role. Strong verbal and written communication and interpersonal skills Solid understanding of the Systems Engineering process Must be able to obtain a TS/SCI clearance . Preferred Qualifications: Prior experience with the development of advanced sensor systems, such as EOIR, RADAR, or Passive RF payloads Advanced degree in engineering Active TS/SCI Experience leading teams in a functional, programmatic or technical capacity Salary Range: $120,800 - $181,200 Employees may be eligible for a discretionary bonus in addition to base pay. Annual bonuses are designed to reward individual contributions as well as allow employees to share in company results. Employees in Vice President or Director positions may be eligible for Long Term Incentives. In addition, Northrop Grumman provides a variety of benefits including health insurance coverage, life and disability insurance, savings plan, Company paid holidays and paid time off (PTO) for vacation and/or personal business. Northrop Grumman is committed to hiring and retaining a diverse workforce. We are proud to be an Equal Opportunity/Affirmative Action Employer, making decisions without regard to race, color, religion, creed, sex, sexual orientation, gender identity, marital status, national origin, age, veteran status, disability, or any other protected class. For our complete EEO/AA and Pay Transparency statement, please visit http://www.northropgrumman.com/EEO. U.S. Citizenship is required for most positions."
https://www.indeed.com/viewjob?jk=7d64a9e55d9483c4,indeed,System Engineer,Palo Alto Networks,https://www.indeed.com/cmp/Palo-Alto-Networks,"Baltimore, MD, USA",fulltime,2023-12-03,yearly,187500,257850,USD,True,0,,accommodations@paloaltonetworks.com,"Company Description Our Mission At Palo Alto Networks® everything starts and ends with our mission: Being the cybersecurity partner of choice, protecting our digital way of life. Our vision is a world where each day is safer and more secure than the one before. We are a company built on the foundation of challenging and disrupting the way things are done, and we’re looking for innovators who are as committed to shaping the future of cybersecurity as we are. FLEXWORK is an employee-centric reimagining of how we work. We built FLEXWORK based on employee feedback – it is about flexibility, trust, and choice whenever possible. It’s been a journey of disruption that has yielded the best of our values. We offer as much flexibility as possible, and choices that enable you to be most productive, including benefits that meet your needs and learning opportunities that you feel passionate about. Job Description Your Career As a Systems Engineer you provide technical expertise and guidance in your customer’s zero trust journey. You will play a key role in defining technical solutions that secure a customer’s key business imperatives. You evangelize our industry leadership in on-prem, cloud, and security services that establish PANW as your customer’s cybersecurity partner of choice. We expect office-based employees to be in the office four days per week, with one day working from where they choose. We believe being together facilitates casual conversations and those magic moments where we can work on issues and ideas informally. These moments build capability and deepen trusted relationships and allow our people to feel safe in taking risks and being disruptive. Like so many companies, we are working through the details and things could change …. but in general if a role is deemed office-based we want our teams to be together four days per week. Your Impact Curiosity is core to the SE role, and you see complex problems as opportunities to learn and deliver innovative solutions! You define your impact by: Meeting and exceeding sales quotas by building and implementing strategic, technical account plans that target cross-platform solutions Conducting discovery to understand and articulate the key technical, operational, and commercial imperatives of your prospects and customers Planning and building compelling technical and business-focused solutions which drive adoption and growth after the initial sale and across the portfolio Demonstrating strong communication skills and the ability to influence through effective presentations and customer-specific demos, technical engagements, and workshops Orchestrating supporting resources to ensure a one-team approach that demonstrates a cohesive strategy Promoting end-to-end solutions that include PANW and/or partner professional services to ensure customers realize business value sooner Understanding the competitive landscape and effectively differentiate our leadership Continuously investing in yourself to develop technical and professional skills that drive your ever-increasing contributions to customer success while actively participating within the SE community and at industry events Qualifications Your Experience 3+ years of experience in a Pre Sales System Engineering role 5+ years Network Routing & Switching experience Active TS/SCI Clearance is required SOC Automation experience is a plus Significant experience delivering cybersecurity solutions that solve technical challenges and influence new business initiatives Experience influencing and gaining buy-in from key stakeholders, either in a customer-facing or internal role Creating and delivering technical presentations, workshops, or technical validation engagements Experience selling, implementing, or managing SaaS/SASE/cloud/managed/on-prem offerings is a desirable, but not required Experience partnering with Customer Support functions to ensure successful implementation and adoption of sold solutions Experience with complex sales involving long sales processes with multiple buying centers and multi-product solutions is preferred Additional Information The Team Our SE team members work hand-in-hand with large organizations around the world to keep their digital environments protected. We educate, inspire,and empower our potential clients in their journey to security. You are empowered with unmatched systems and tools and a team built on joint success. You won’t find someone at Palo Alto Networks that isn’t committed to your success – with everyone pitching in to assist when it comes to solutions selling, learning, and development. Our Systems Engineering community is driven by the mission to be our customers’ cybersecurity partner of choice, protecting their digital way of life. Our Commitment We’re trailblazers that dream big, take risks, and challenge cybersecurity’s status quo. It’s simple: we can’t accomplish our mission without diverse teams innovating, together. We are committed to providing reasonable accommodations for all qualified individuals with a disability. If you require assistance or accommodation due to a disability or special need, please contact us at accommodations@paloaltonetworks.com. Palo Alto Networks is an equal opportunity employer. We celebrate diversity in our workplace, and all qualified applicants will receive consideration for employment without regard to age, ancestry, color, family or medical care leave, gender identity or expression, genetic information, marital status, medical condition, national origin, physical or mental disability, political affiliation, protected veteran status, race, religion, sex (including pregnancy), sexual orientation, or other legally protected characteristics. All your information will be kept confidential according to EEO guidelines. The compensation offered for this position will depend on qualifications, experience, and work location. For candidates who receive an offer at the posted level, the starting base salary (for non-sales roles) or base salary + commission target (for sales/com-missioned roles) is expected to be between $187,500/yr to $257,850/yr. The offered compensation may also include restricted stock units and a bonus. A description of our employee benefits may be found here. Please note that we will not sponsor applicants for work visas for this position."
https://www.indeed.com/viewjob?jk=bc6345052ffbb6ec,indeed,Junior System Engineer,Skyline Technology,https://www.indeed.com/cmp/Skyline-Technology,"Glen Burnie, MD, USA",fulltime,2023-12-03,,,,,False,0,,,"About Skyline Our mission is to build a more resilient and connected society, and providing flawless, next-generation IT services as a means of doing that, is only part of what Skyline does. We also believe that building a more resilient and connected society begins with us, our communities, and our workplaces. By embodying effective communication, mutual trust, and respect, we can achieve a positive impact on every person and in every interaction. With a mission and culture like Skyline’s, it’s no surprise we’re growing and looking for bright individuals who are unafraid of challenges, thrive on problem-solving, and are passionate about helping others succeed. As we’re growing, we need people like you to join our team to ensure we always have the right number of team members. It’s important to us that we can handle the work AND maintain a desirable work/life balance. About Our Team Skyline’s Video Platform Team supports one of the most advanced distributed video management ecosystems. We deliver a highly reliable, scalable, secure, and widely used real-time distributed video platform to our clients. Our team embodies a unique culture and offers the opportunity to work with various software products and hands-on client deployments. We enjoy solving hard engineering problems and learning new technologies while exploring new and innovative ways to meet our client’s needs. Our New Teammate Do you have a critical eye and an innate ability to sniff out problems within specific systems? Is your instinct to provide solutions for those issues? When it comes to computer systems, you’re not afraid to overhaul or redesign a system, but understand that sometimes upgrading hardware and maintaining an existing system is all it needs. We want our new teammate to demonstrate superb technical competency, deliver mission-critical infrastructure, and ensure the highest levels of availability, performance, and security. They have excellent communication, personal drive, and technical governance skills, which allow them to resolve problems and manage projects from the beginning until completion with exceptional efficiency. You can expect to spend you time accomplishing the following: 60% of time on Objective 1: Provide operational support such a incident/request/problem resolution and escalation. 35% of time on Objective 2: Execute service delivery and integration. 5% of time on Objective 3: Professional and personal development. Job Responsibilities What to Expect Dynamically configure Skyline applications (containers) on Linux platform OEM servers and establish additional configurations, as required, on-site to support the Skyline software suite and deploy configurations effectively. Proactively participate in Product Operations on-call rotation and share knowledge through various documentation and training. Diligently provide Incident/Request/Problem resolution and escalation for clients or to address internal needs while effectively utilizing existing change control (CAB) processes. Actively and effectively respond to client support calls, emails, and tickets. Effectively participate in the remote or on-site installation of the appliance (server) at client site(s), establish additional configurations to support the Skyline Software suite, and execute DOT-related projects and tasks. Routinely assist with monthly DOT audits and performance reporting. Follow established SOPs and organizational governance. Eagerly pursue relevant certification(s) and skills enhancements and improve understanding of product code to improve troubleshooting skills. Graciously assist with other duties as assigned. Your Knowledge & Expertise B.S. in Information Systems, Engineering, computer science, or a relevant field or equivalent work experience. RHSCA, RHCE, AWS, and VMware certifications preferred 2+ years of relevant combined work experience including: Operations/help desk Scripting major/minor solutions Participating in the SDLC of software products Automation tools Direct cloud technology Specialization in DevOps, Containerization, CI/CD, VMWare/VSphere. Experience with tools such as Ansible, Docker, Kubernetes, Git, ServiceNow, SolarWinds. Experience with Scripting: Perl, Python, JavaScript, bash, sh. Demonstrable Linux Proficiency: CentOS, Ubuntu, Debian, RedHat. Adept and familiar with Cloud/Virtual Systems: AWS, Google, Azure. Foundational understanding of IP routing technologies. Versed in service provider network technologies, specifically WAN Circuit components and service delivery methodology. Working Conditions: Work is performed in an office setting whether in a company-provided office or work-at-home arrangement."
https://www.indeed.com/viewjob?jk=69fbdaba3a827ee0,indeed,Senior System Engineer,Altamira Technologies Corp.,,"Annapolis Junction, MD, USA",fulltime,2023-12-03,,,,,False,0,,,Develops system Architecture and system design documentation. Guides system development and implementation planning through assessment or preparation of system…
https://www.indeed.com/viewjob?jk=63aa1c755f9304cb,indeed,Client Services,"Amazon Development Center U.S., Inc.",https://www.indeed.com/cmp/Amazon.com,"Columbia, MD, USA",fulltime,2023-11-28,yearly,105200,-1,USD,False,0,,,"Experience administering, maintaining and operating Active Directory Windows based networks. Creates and updates system documentation for engineering,…"
https://www.indeed.com/viewjob?jk=f4ab62980d1e7a4f,indeed,Systems Project Manager,Parsons,https://www.indeed.com/cmp/Parsons,"Annapolis Junction, MD, USA",fulltime,2023-12-03,yearly,136200,245200,USD,False,0,,,"Experience with knowledge of large-scale DoD systems. Extensive experience analyzing needs, deriving system-level requirements. TS/SCI with Poly required."
https://www.indeed.com/viewjob?jk=e55ceb94d4acb4f0,indeed,Senior System Engineer,Altamira Technologies Corp.,,"Annapolis Junction, MD, USA",fulltime,2023-12-03,,,,,False,0,,,"Altamira Technologies has a long and successful history providing innovative solutions throughout the U.S. National Security community. Headquartered in McLean, Virginia, Altamira serves the defense, intelligence and homeland security communities worldwide by focusing on creating innovative solutions leveraging common standards in architecture, data and security. Altamira believes that our people and the culture of our company differentiate us from other companies. Position: Systems Engineer III Position Location: Annapolis Junction, MD. Position Description: We are seeking a Systems Engineer III to support our efforts in Maryland. Our ideal candidate would possess a broad range of skills as our scope of work spans various technologies. Altamira Technologies Corporation encourages independent problem solving but also provides deep reach-back support and a collaborative environment for our engineering team. Roles and Responsibilities: Analyzes user's requirements, concept of operations documents, and high level system architectures to develop system requirements specifications. Analyzes system requirements and leads design and development activities. Guides users in formulating requirements, advises alternative approaches, and conducts feasibility studies. Provides technical leadership for the integration of requirements, design, and technology. Incorporates new plans, designs and systems into ongoing operations. Develops technical documentation. Develops system Architecture and system design documentation. Guides system development and implementation planning through assessment or preparation of system engineering management plans and system integration and test plans. Interacts with the Government regarding Systems Engineering technical considerations and for associated problems, issues or conflicts. Ultimate responsibility for the technical integrity of work performed and deliverables associated with the Systems Engineering area of responsibility. Communicates with other program personnel, government overseers and senior executives. Qualifications: Twenty (20) years’ experience as a Systems Engineer in programs and contracts of similar scope, type and complexity is required. Demonstrated experience in planning and leading Systems Engineering efforts is required. Bachelors’ degree in System Engineering, Computer Science, Information Systems, Engineering Science , Engineering Management, or related discipline from an accredited college or university is required. Five (5) years of additional SE experience may be substituted for a Bachelors’ degree. Must hold TS/SCI w/ FSPolygraph (U.S. Citizenship Required for Clearance)"
https://www.indeed.com/viewjob?jk=db8ce5c9c4df53fa,indeed,Network Engineer,Peraton,https://www.indeed.com/cmp/Peraton,"Baltimore, MD, USA",fulltime,2023-12-03,yearly,112000,179000,USD,True,0,,,"Monitor for opportunities to enhance the customer network/system performance or reliability. Configure routing protocols, complex switch networks, and Fabric…"
https://www.indeed.com/viewjob?jk=21621c4062283a15,indeed,Platform Engineer,Arthur Grand Technologies Inc,,"Catonsville, MD, USA",fulltime,2023-12-03,,,,,True,0,,,"RHEL 6/7/8 installation, configuration, server patching and upgrading experience, RHEL Ansible. Playbook design, development, and maintenance."
https://www.indeed.com/viewjob?jk=7ca8c3fd2cd4d9ad,indeed,System Engineer,Bestgate Engineering,,"Columbia, MD, USA",fulltime,2023-12-03,,,,,False,0,,,Familiarity with existing BM&A systems. Bestgate Engineering is a leading software and systems engineering firm supporting military and government customers.
https://www.indeed.com/viewjob?jk=919b2025b366c82b,indeed,Storage Engineer,BAE Systems,https://www.indeed.com/cmp/BAE-Systems,"Annapolis Junction, MD, USA",fulltime,2023-12-03,yearly,125000,237500,USD,False,0,,,"SGI systems With direct attached and FC SAN attached storage. We are in search of an HPC Storage Engineer - Technical Expert to: Configure, tune, test, and…"
https://www.indeed.com/viewjob?jk=4a43a4ac58585d83,indeed,Security Systems Engineer,Altamira Technologies Corp.,,"Fort Meade, MD, USA",,2023-12-03,,,,,False,0,,,"Experience with systems engineering lifecycle processes. Install new or modified security hardware, operating systems, and software applications."
https://www.indeed.com/viewjob?jk=2fee70b83c72b131,indeed,Senior System Engineer,"Onyx Point, Inc.",,"Annapolis Junction, MD, USA",,2023-12-03,,,,,False,0,,,Guides system development and implementation planning through assessment or preparation of system engineering management plans and systems integration and test…
https://www.indeed.com/viewjob?jk=888792843a6f7331,indeed,Network Engineer,PT78 LLC,,"Fort Meade, MD, USA",fulltime,2023-12-03,,,,,False,0,,,"Work across multiple projects and systems to develop user stories, test cases, system design document, implementation plans, and SOPs."
https://www.indeed.com/viewjob?jk=aa11087fdcc06514,indeed,Systems Administrator,Altamira Technologies Corp.,,"Annapolis Junction, MD, USA",,2023-12-03,,,,,False,0,,,"Optimize system operations and resource utilization, and perform system capacity analysis and planning. Provide assistance to users in accessing and using IT…"
https://www.ziprecruiter.com/ek/l/AALbu-1NCiVg8-jqBoRio6ZarSALYtjqy-ezLQN8BaVzmsvLjsS5C_yxJ0jguFvqOmx4uDgL4yyc5reYtUZmSUtj1DJrrR6LbxtPeCWADwfQPAYNPabwbpaGW6G8-sGtGdKfReWQcWpBxgq5QMQRy0Dvy_kOOHSc4mSN7PuQzXKlMUIILnRAf1GMYZ7xADPpXkkDG15rv0-epfllBoPbgH9DWFfKO0WUfklE,zip_recruiter,System Engineer Staff- Clearance Required,Lockheed Martin,,"Hanover, MD, USA",,2023-12-04,,,,,,0,,,"Primary responsibilities of the System Engineer Staff are as follows:Analyzes user's requirements ... Incorporates new plans, designs, and systems into ongoing operations. Develops technical ..."
https://www.ziprecruiter.com/k/l/AAKuU0VB6oFmbmvJTFmvFq5mrc_nEcCv-RTtYoLMAD5lnqs-TK7DS69Yy3OkgWjM4B27KiVbUbCnapW7M4k21k0cHTiobFJpp0aBpHToqmjR-vxcLm5FAv8xykbeh19Iif5rcl8r-pt6W2fxheaO5cC_-VxqJwylDWCcDtRwWwsv80ekfPQeg6X90_yWzgAxdNMyruPsNYNHne3PCUP3x4_Zdjkgv3B9XgouVNk,zip_recruiter,Cybersecurity Engineer,VMR Strategic Solutions,,"Fort Meade, MD, USA",fulltime,2023-12-04,,,,,,0,,,"Job Type: Full Time  Location: Fort Meade, Md.  Clearance: Top Secret/SCI w/Polygraph   VMR Strategic Solutions is seeking a Cybersecurity Engineer who possesses a profound grasp of intermediate cyber engineering and cybersecurity concepts. This role requires a strong understanding of cybersecurity policies and the Risk Management Framework. The ideal candidate will have the capacity to independently conduct cybersecurity research and analysis, providing valuable recommendations for security implementation and offering expert advice on cybersecurity best practices.  Duties   Independently conduct cybersecurity research and analysis, offering recommendations for security enhancements and advising on best practices. Contribute substantially to the creation of cybersecurity documentation, concept papers, and test plans as per Command policies and the Risk Management Framework. Evaluate functional performance and operation, delivering recommendations for Certification and Accreditation (C&A) based on test results and inspections. Act as a liaison between operators, developers, and system engineers, ensuring compliance with DoD and NIST requirements. Assess infrastructure requests and provide guidance on development strategies.  Qualifications Required education and experience:  A minimum of a Bachelor''s Degree from an accredited college or university in Computer Science, Cybersecurity, Computer Engineering, or a related field. Alternatively, an additional 5 years of experience can substitute for the degree. A minimum of 10 years of experience in cybersecurity or information assurance. Possession of DOD 8140/DOD 8570 IAM Level II Certification. Desired familiarity with the Cyber Mission Force construct and operational requirements.  Required Clearance  TS/SCI with Polygraph  Working Environment  Onsite "
https://www.ziprecruiter.com/k/l/AAJYptl2ayuo-y3GdjuQuzV982fcQ7qEe9mOt1UnMDoYkQFy9pugDpD0g50wxaYQpRltpnEr2dBMK7FC6rtj6SHry1dcOz9B7X2LkKRMFBhneWB1jocvebT_YwewqY9_7iF3mAqKWV3pZasgQVQNrn4GpqsOVruIyYnf2f-wWwmco4pVVBZe3bTmleR-UNLJC8ZsgDnGdkBaNWzWTKTsvN2iZQiBvazpvFzy,zip_recruiter,Senior Systems Engineer,"TeamLogic IT of Ellicott City & BWI, MD",,"Ellicott City, MD, USA",fulltime,2023-12-04,yearly,90000,110000,USD,,1,,,"Senior Systems EngineerAbout Us:TeamLogic IT of Ellicott City & BWI (www.TeamLogicIT.com/EllicottCityMD006) is part of a dynamic, nation-wide network of more than 243+ independently-owned business locations with 800+ engineers and technicians who work with each other closely, providing best-in-class IT & Cybersecurity services to small- and medium-sized businesses. TeamLogic IT was ranked #1 out of 501 in the MSP Global Rankings of Top Managed IT Service Providers for two successive years in 2020 & 2021. As an MSP, we offer end-to-end IT solutions and support, Cybersecurity expertise, NIST 800-171, HIPAA & PCI compliance expertise, as well as project and maintenance/consultative services for networks, servers, workstations, cloud, security, and other hardware and software needs.Description:The Senior Systems Engineer position for our Ellicott City, MD office requires both proven experience with IT/Technology and outstanding project management skills. This position is ideal for someone who wants to grow into a managerial role while mentoring Level I-III techs and managing projects for the company. The right candidate will get the opportunity to work in multiple environments, be able to deliver complex solutions for clients, and manage projects from design to completion phase. The candidate will also need to assist with writing the technical part of proposals and past experience in this will be a big plus. Onsite work at client sites up to 25% of the candidate's time and working on all types of level I-III IT issues is required. The position will be largely remote, but the candidate will work from the Ellicott City, MD office 2 days a week (8.30 am – 5.30 pm). A minimum of 10 years of experience is required – candidates with less experience will not be considered.The ideal candidate will have the following qualifications:· Experience in Office 365 and Azure (both administration and configuration)· Experience with Active Directory administration/design (On-premise and Hybrid AD with Azure)· Experience migrating on-premise Active Directory to Azure (both full and hybrid migrations)· Enterprise-level networking (including network segmentation)· Experience in Cloud Computing is desired· Creating Powershell scripts a plus· Experience working with NIST/CMMC remediations· Experience working with regulatory requirements/processes such as SOC2 and HIPAA a plus· Strong attention to detail· Strong troubleshooting methodology· Proven Project Management skills· Excellent Written/Verbal Communication Skills· Strong Customer Service Skills, Supporting Novice to Advanced Users· Know how to work as part of a team· Previous experience working for a Managed Service Provider (MSP) a plusA strong candidate will have the following qualifications - minimum of 10 years hands-on experience configuring and troubleshooting networking equipment, servers and workstations, Exchange server and Active Directory; five years of experience in a client-facing environment with good customer service skills; excellent verbal and written communication with detail orientation and the ability to track and manage multiple projects. There is a 3 month probationary period and the candidate should also have the ability to lift/move up to 50 lbs. of computer/server equipment if needed.We are a young, growing company with significant career prospects for the right candidate. Our work culture is relaxed, informal and very team-oriented, with a focus on providing an outstanding experience to our clients. We believe in work-life balance and creating a convivial, performance-oriented environment for all employees, who can work and support each other closely to deliver a highly satisfying experience to the end-customer. We offer an attractive employment package including a competitive salary, 401K plan after 1 year or completing min 1000 hrs work, health care benefits, 3 weeks of PTO, annual bonus plan, tuition/training reimbursement, opportunities for career growth and a pleasant work culture. This is an exempt position with annual compensation between $90,000-$110,000/year depending upon the right fit, background and experience of the candidate.We need to hire immediately for this position. If interested, please send your resume stating a possible start date (a brief cover letter stating what drives/motivates you may give you an edge). No phone calls will be entertained for this position.Job Type: Full-timeSalary: $90,000.00 - $110,000.00 per yearBenefits: 401(k)Dental insuranceHealth insuranceLife insurancePaid time offProfessional development assistanceTuition reimbursementVision insurance Compensation package: Bonus opportunities Schedule: 8 hour shiftMonday to Friday Experience: Azure/O365: 3 years (Preferred)IT: 8 years (Required)"
https://www.ziprecruiter.com/ek/l/AAKAiuLTZ68oK-W72Q8SS4N3Ktar5Dtvo3TRoB4i7wq9rQ213vTwo1CCcLlzvlK9bT2wsIgsXw3JbIyCsIVwvWjShdadlOq6562Gg1EVVrhM8E8h4N66HrC2Igi5w_m8eOPwvmVgKHhl10bQY6IRBbdjD16ycixh7GUMYbQ54Jex30ycw_AD5EFKMycwd1BE_lnSVTzUIx1AUMGnGC3wspZtNdo71yDq9oic,zip_recruiter,Systems Engineering Lead,BOEING,,"Annapolis Junction, MD, USA",,2023-12-04,,,,,,0,,,"Boeing is seeking a Lead or Senior Systems Engineer to join the MST organization located in Fairfax, Virginia or Annapolis Junction, Maryland. In pursuit of Boeing's research and business interests ..."
https://www.ziprecruiter.com/k/l/AAL7717a8xlx5mjwLJDPlxrt_TaV-Uvfu4XLTgLHHFksjPwFXqLjiKKmQjimnRt23hZWPFHfRi02t5QnPVlSiXpagLKsNlGCWEtgvjdktPIfGk8nwCmvxxyV3AttPZt-nFlWwcdOZrzyJ7tUCrYwvfuw1g-F31HjJR9Tm9gTspIKd-R3qtEpZ8js-3l6bCfqPuVUWJtQaHtezy7Zq-BjbfoqAzqi4QazxQB0EQ,zip_recruiter,Sr. Systems IT Engineer,Quality Business Solutions,,"Baltimore, MD, USA",fulltime,2023-12-04,yearly,75000,125000,USD,,0,,,"This posting is only for individuals seeking employment. Responses from recruiters or IT support companies offering their services in lieu of hiring an IT Technician will be deleted. This opportunity is not a work from home position. Quality Business Solutions, an equal opportunity employer located in Baltimore, Md., is looking for an experienced Sr. IT Systems Engineer who meets the qualifications detailed below. The ideal candidate will be a motivated, self-starter who is familiar with IT and telecom support and has at least 10 years of progressive experience providing Tier 3 IT service and server support. Experience with the following is required:-- LAN and WAN network management; Windows Server 2012, 2016 2019, and 2022; Active Directory and Group Policy management; VMware hypervisor and virtual machine creation and management; SonicWALL firewalls; Windows 7, 8.1 and 10 basic and advanced management; Apple OS, Office 365 management; basic telecom maintenance;AutoTask/Datto experience is a plus. Knowledge of VLAN, subnetting, DNS, and DHCP.--Windows Server setup, configuration, migration; both hardware and virtualized. Includes installing and configuring new domains, managing existing domains, and migration to new versions of Windows Server.For applicants to be successful in this position, they must be able to fulfill the following daily functions:-- Assist Director of IT and IT Manager with the planning and scheduling of IT functions and projects.--Install, configure, and migrate servers to new technologies in live production environments.-- Provide Tier 3+ technical assistance for QBS IT Services customers and QBS employees.-- Communicate and work with IT and service technicians and customers to ensure all necessary information is collected before beginning work.-- Use the help desk ticketing system to ensure all issue specifics are fully documented, issues are tracked and customer is satisfied with resolution.-- Use various software tools to investigate PC and network issues and to create, modify and delete user accounts and profiles.-- Provide IT support services over phone, email, remote assistance and chat, and also at customer sites when necessary.-- Install, configure, troubleshoot and repair operating systems, productivity software and specialized software.-- Install, configure, troubleshoot and repair hardware and peripheral components.-- Investigate and resolve network communications problems.-- Use various telecom tools to research, troubleshoot and repair basic telecom issues.---- Contact software and hardware vendors to request service for covered products.-- Communicate with IT Director and IT Manager to explain issues and all circumstances surrounding problems with customers and QBS employees that exceed the scope of knowledge and experience.-- Ensure punctual attendance and present a professional appearance per QBS policy at customer facilities and in the QBS building.-- Exercise common sense and courtesy at all times with customers and QBS employees.-- Other duties as assigned related to the customer’s network, networked computers and peripherals, and networked or directly connected OBS-supplied office equipment.-- Other duties and responsibilities as increased knowledge and proficiency are demonstrated. If you possess all of these attributes, please send your resume via e-mail to the reply address. The position posted is a full-time position (40 hours/week) and offers competitive salary, vacation and personal days, health benefits, life insurance and 401K plan after 60 days. Office operating hours are Monday through Friday from 8:00 a.m. to 5:30 p.m. "
https://www.ziprecruiter.com/k/l/AAKgQsX-4lfMWTp0aCJmbmChlMJVIYXL9sAWajlvbtNobK1unUwBmGh7mLatG78wdFJoVy1Rk90p9qb31EYPSIgIvQ0_cQrqFHGzJ-8Pd6lno2oir4jlVW0FLbfcTNjmREq3KtlhjTKAJOfvn5yMebQQkY_f-SNQVpXbFbxut3WuPzim3EBaxk70qM79K6WfdI4JP_6_g-ywOfc0z6xcCvkeDCmZZ_GKQSeVUA,zip_recruiter,Senior Windows Client Engineer - TS/SCI Poly required,Sound Engineering Solutions,,"Baltimore, MD, USA",fulltime,2023-12-04,yearly,180000,200000,USD,,0,,,"We are looking for a Senior Windows Client Engineer to join our team. You will oversee the deployment, configuration, and management of core Amazon Dedicated Cloud services, including directory services, file and print, DNS/DHCP, application servers, and management of server hardware and infrastructure.Responsibilities:Oversee deployment, configuration, and management of core Amazon Dedicated Cloud services, including directory services, file and print, DNS/DHCP, application servers, and management of server hardware and infrastructure.Qualifications:TS/SCI Poly Clearance is REQUIRED Eight (8+) years supporting Windows family of operating systems to include four (4) of the following eight (8) core competencies: AD, DHCP, PowerShell, Email workflow, SCCM, SCOM, Win OS, DNS, and disaster recovery/business continuity.Knowledge of networking basic skills and troubleshooting.Demonstrated ability to script in the Windows environment using PowerShell.Experience administering, maintaining, and operating Active Directory Windows-based networks.Experience automating tasks such as software packaging and deployment, automated security patching, and Operating System Deployment.Knowledge of deploying, upgrading, and patching Microsoft products."
https://www.ziprecruiter.com/ek/l/AAKsvig8sbFyOkYhXdZbkuHc3xasx4ZIJ6j-juTodn5ookbstYP84hNwEgukw4aDj10MmFlyS6JTA_CuWuJ7rhKXP4p2U-20xj1wURjokDS-TmOZhkPOAmy4-K075w2GMxXD29sPDrprXurMX7-k1C6HHf2WcjOn80U52AwoV3DRt9-zxzK-fNNVQeSuTfuyOw5PnGupTvK9jDWej8aThpgTAiyd0UJVLAha,zip_recruiter,VMware Engineer,Maximus,,"Annapolis, MD, USA",,2023-12-04,hourly,51,64,USD,,0,,,Maximus is seeking a VMware Engineer to provide expertise to a federal client in support of their mission critical systems in defense of our Homeland. We are seeking a highly skilled and experienced ...
https://www.ziprecruiter.com/ek/l/AAJtYiD0Znnp5sEmJvakd0WdOhyXb-jRoce4wFRE0oYuDOE5z1XllJJmKf-S7EzN4CrqLUTth98CivxixS6--huJlSN6yvBR-yAsNeffq3I-3SnCbYtrVUKoiGL_D8ct2-HGfoc4ryj-Ap7IzEGFLg6oyVeK7tL7q0vLNsVaigsshTSHia6sxqrpjKoWwoY34SFK4gWUCBjy5l83AIUt4SkRLT71Muk2fFUttw,zip_recruiter,Sr. Software Engineer Stf - Clearance Required,Lockheed Martin,,"Hanover, MD, USA",,2023-12-04,yearly,120700,159100,USD,,0,,,"... Systems, Cyber & Intelligence, we are driven by innovation and integrity. We believe that by ... Primary responsibilities of the Software Engineer are as follows: - Analyze user requirements to ..."
https://www.ziprecruiter.com/k/l/AALZO70D9BFvgimaQ08nGer76wP1g-a38DLLelCQ7bjo2N6gMNxXGZJ_xt9dyTWO2Mo6fekW_PHGdWejwWsJBrfLdz54oQn8jBmEfUZE-d6u0UwgUChsxx80tPqBvDBefhB-BZVsriP6mGZpnpR8X5v3XZ9IwhnmpQ26K-wNm_jvYGdgGNC7wSE6tIqkuTNAUFEA2LHHMX-riFP4D2Kiyi8R,zip_recruiter,Systems Engineer V,Legion Consulting Solutions,,"Fort Meade, MD, USA",,2023-12-04,yearly,126000,180000,USD,,0,,,"Salary: Up to $180K, based on education and experience Security Requirements: Active TS/SCI clearance w/FS PolyLocation: Fort Meade, MD Certifications: NoneJob Description: Provide systems engineering principles to various systems throughout the entire systems life cycle phases: concept, development, production, utilization, and support.Interact with a large number of Government and development personnel regarding technical considerations for associated problems, issues or conflicts.Knowledge, Skill and Abilities (KSAs):Personal communication with peer and decision makers will be required to carry out duties, as well as written documentation.Experience in developing a new or innovative approach to a technical or engineering issue and evaluating requirements to determine system suitability.Qualified candidates should have experience in general systems engineering, collection management, and asset or requirement allocation.Ability to translate directives from higher level mission management systems using protocols.Experience with Python.Experience with Linux.Keywords: Systems Engineering, Orchestration Solutions, Python, Linux, Collection Management, Requirement AllocationQualifications:Minimum fifteen years of general systems engineering experience.Minimum of bachelor's degree in a qualified engineering field or a related discipline from an accredited college or university. Master's degree or PhD in a qualified engineering field or a related discipline from an accredited college or university, minimum of thirteen years of general systems engineering experience is also acceptable.High school diploma or GED plus nineteen years of general systems engineering experience is also acceptable.Company Description:We are looking for candidates like you - mission-focused and dedicated!Legion Consulting Solutions is a Service-Disabled Veteran Owned Small Business that specializes in finding the subject matter expertise our customers deserve to achieve the results they demand. We support Teams at all echelons with sound analytics, plans development, and thorough assessments.Our members are driven, dedicated, and make sound recommendations grounded in experience. We use that experience to support our customers to meet the desired objectives.We will not sacrifice quality. Our goal is to find you the RIGHT person for the RIGHT role based on nothing but their individual qualifications. We come to work, we come to win, we come to conquer. WE ARE - THE LEGION!"
https://www.ziprecruiter.com/k/l/AAKt0WvZtpF3MwCEqiowTYI43gJFc3jBdbHfMERM86uZ35dWYfdlXPddOBWBsmu4_2fw6xmRS4NLThKRCuFZofCWVdzwepc_AxIRTewbLfXJCiydceSWyHw3tyl__xMzslM73s5GtHoEJUR7lAnXEuCiHGRHEYvbGNF73yv8tucv4BLcBvphb8Sk46g9puS41dy-N1sShqUdwOZQgAPq67pfihlQcQ04Zj2h,zip_recruiter,Systems Engineer,CYBER BAT INC,,"Annapolis Junction, MD, USA",fulltime,2023-12-04,,,,,,0,,,"System Engineer (SE) Skill Level 2 Analyzes user’s requirements, concept of operations documents, and high-level system architectures to develop system requirements specifications. Analyzes system requirements and leads design and development activities. Guides users in formulating requirements, advises alternative approaches, and conducts feasibility studies. Provides technical leadership for the integration of requirements, design, and technology. Incorporates new plans, designs and systems into ongoing operations. Develops technical documentation. Develops system Architecture and system design documentation. Guides system development and implementation planning through assessment or preparation of system engineering management plans and system integration and test plans. Interacts with the Government regarding Systems Engineering technical considerations and for associated problems, issues or conflicts. Ultimate responsibility for the technical integrity of work performed and deliverables associated with the Systems Engineering area of responsibility. Communicates with other program personnel, government overseers, and senior executives. The Level 2 System Engineer (SE) shall possess the following capabilities:Manage system requirements and derived requirements to ensure the delivery of production systems that are compatible with the defined system architecture(s) – Department of Defense Architecture Framework (DoDAF), Service-oriented Architecture (SOA), etc.Contribute to the development of sections of systems engineering documentation such as System Engineering Plans, Initial Capabilities Documents, Requirements Specifications, and Interface Control DocumentsAssist with the development of system requirements, functional requirements, and allocation of the same to individual hardware, software, facility, and personnel componentsCoordinate the resolution of action items from Configuration Control Board (CCB) meetings, design reviews, program reviews, and test reviews that require cross-discipline coordinationParticipate in an Integrated Product Team to design new capabilities based upon evaluation of all necessary development and operational considerationsAllocate real-time process budgets and error budgets to systems and subsystem componentsGenerate alternative system concepts, physical architectures, and design solutionsDefine the methods, processes, and evaluation criteria by which the systems, subsystems and work products are verified against their requirements in a written planDevelop system design solution that satisfies the system requirements and fulfills the functional analysisReview and provide input to program and contract work breakdown structure (WBS), work packages and the integrated master plan (IMP)Participate in the development of system engineering documentation, such as SystemEngineering Plans, Initial Capabilities Documents, Requirements Specifications, and Interface Control DocumentsParticipate in interface definition, design, and changes to the configuration between affected groups and individuals throughout the life cycleDerive from the system requirements an understanding of stakeholder needs, functions that may be logically inferred and implied as essential to system effectivenessDerive lower-level requirements from higher-level allocated requirements that describe in detail the functions that a system component must fulfill, and ensure these requirements are complete, correct, unique, unambiguous, realizable, and verifiableParticipate in establishing and gaining approval of the definition of a system or component under development (requirements, designs, interfaces, test procedures, etc.) that provides a common reference point for hardware and software developersDevelop derived requirements for Information Assurance Services (Confidentiality, Integrity, Non repudiation, and Availability); Basic Information Assurance Mechanisms (e.g., Identification, Authentication, Access Control, Accountability); and Security Mechanism Technology (Passwords, cryptography, discretionary access control, mandatory access control, hashing, key management, etc.)Implement comprehensive SOA solutionsImplement operational view, technical standards view, and system and services view for architectures using applicable DoDAF standardsReview and/or approve system engineering documentation to ensure that processes and specifications meet system needs and are accurate, comprehensive, and completeCapture all interface designs in a common interface control format, and store interface data in a commonly accessible repositoryAssess each risk to the program and determine the probability of occurrence and quantified consequence of failure in accordance with an approved risk management planIn conjunction with system stakeholders, plan the verification efforts of new and unproven designs early in the development life cycle to ensure compliance with established requirementsPrepare time-line analysis diagrams illustrating the flow of time-dependent functionsEstablish a process to formally and proactively control and manage changes to requirements, consider impacts prior to commitment to change, gain stakeholder buy-in, eliminate ambiguity, ensure traceability to source requirements, and track and settle open actionsManage and ensure the technical integrity of the system baseline over time, continually updating it as various changes are imposed on the system during the lifecycle from development through deployment and operations & maintenanceSupport the planning and test analysis of the DoD Certification/Accreditation Process (as well as other Government Certification and Accreditation (C&A) processes)Support the development and review of Joint Capability Integration Development System (JCIDS) documents (i.e., Initial Capability Document, Capabilities Description Document, IA Strategy)Provide technical direction for the development, engineering, interfacing, integration, and testing of specific components of complex hardware/software systems to include requirements elicitation, analysis and functional allocation, conducting systems requirements reviews, developing concepts of operation and interface standards, developing system architectures, and performing technical/nontechnical assessment and management as well as end-to-end flow analysisDevelop scenarios (threads) and an Operational Concept that describes the interactions between the system, the user, and the environment, that satisfies operational, support, maintenance, and disposal needsConduct quantitative analysis in non-functional system performance areas like Reliability, Maintainability, Vulnerability, Survivability, Produceability, etc.)Establish and follow a formal procedure for coordinating system integration activities among multiple teams, ensuring complete coverage of all interfacesCLEARANCE: Applicant must possess an active TS/SCI with PolygraphQUALIFICATIONSFourteen (14) years’ experience as a SE in programs and contracts of similar scope, type and complexity is required. Bachelor’s degree in System Engineering, Computer Science, Information Systems, Engineering Science, Engineering Management, or related discipline from an accredited college or university is required. Five (5) years of additional SE experience may be substituted for a Bachelor’s."
https://www.ziprecruiter.com/ek/l/AAK-DDQB4fhaN77BT4NK1YvqorbD8Tu6ucNUWUUrvJlNoQsbQ04SvdoeoFaR2LTnDTRYQGWkpiyyPT_hZPf4VoPqB1cICPBKRYUz5MW9nclakjyBCBK0AASuz9LPgOku3-YMyhEzMxGPNmgVBNloHRwRhaTS4yyvh4sY4YdXzSxV2cznNIvzLriIMQcbmDwcvUN_WRSTJCOOtmbNDJw6AVIvZa8RwPl9d4Yc,zip_recruiter,System Engineer 3 - TS/SCI with POLY Required,Jacobs,,"Annapolis, MD, USA",,2023-12-04,,,,,,0,,,The TKO program is seeking a Systems Engineer with strong project management skills to provide the engineering and project management for end-to-end data flows in support of the Data Normalization ...
https://www.ziprecruiter.com/k/l/AAJstGTAjYLzmnVrw_j1G72BKp5_g_0Aei8XbaDECnU1qSEAvONG3zAxLiuoxTp3aarvrtgmpMbxNNgJdWhvgLwCyLAiIKH0FLHMS_wW8or1TF_SOMVyDKPb7TISkmYrXrjBQHTLWdP3_zJ9l7feWpVLQMeuLOw9noXTChWtUFfLPotvQsbmeSKQBhSaTi8CQ6k71sgK_4X0jxaCmMljF-8i,zip_recruiter,Certified Professional Project Manager Systems Engineer V,Legion Consulting Solutions,,"Linthicum Heights, MD, USA",,2023-12-04,yearly,126000,180000,USD,,0,,,"Salary: Up to $180K, based on education and experienceSecurity Requirements: Active TS/SCI with FS PolyLocation: Linthicum, MD.Certifications: CPPMJob Description: Support the Program Management Office (PMO) overseeing a large multi-organizational software development project. Provide General Systems engineering support including requirements definition, documentation, and integration support in the oversight of this ongoing development effort.Knowledge, Skills, and Abilities (KSAs):Experience with GitLab.Knowledge and experience with containerization and DevOps platforms (Kubernetes preferred).Experience configuring and developing tests for automated testing in a DevOps platform and Continuous integration/Continuous Delivery pipeline.Knowledge of SE Best practices and innovative approaches to applying those practices in a fast-paced ongoing software development environment.Experience with test management system (TestLink) and test automation framework (Robot Framework)Experience in applying systems engineering and integration support to a large Agile/DevOps environment.Solid application of SE throughout the lifecycle of a development effort.Experience configuring and developing tests for automated testing on DevOps projects of similar size and scope.Keywords: Requirements definition, Systems Integration, Systems Engineering, Agile Development, DevOps Development, System testing.Qualification:Minimum fifteen years of systems engineering experience.Minimum of a bachelor's degree in computer science, electrical engineering, systems engineering, or a related discipline.A master's or PhD degree in a qualifying discipline may be substituted for two years of experience.High school diploma or GED plus 19 years of systems engineering experience is also acceptable.Company Description:We are looking for candidates like you - mission-focused and dedicated!Legion Consulting Solutions is a Service-Disabled Veteran Owned Small Business that specializes in finding the subject matter expertise our customers deserve to achieve the results they demand. We support Teams at all echelons with sound analytics, plans development, and thorough assessments.Our members are driven, dedicated, and make sound recommendations grounded in experience. We use that experience to support our customers to meet the desired objectives.We will not sacrifice quality. Our goal is to find you the RIGHT person for the RIGHT role based on nothing but their individual qualifications. We come to work, we come to win, we come to conquer. WE ARE - THE LEGION!"
https://www.ziprecruiter.com/ek/l/AAIXlsmKQ0seNDlqiaA3P6aObCIl6PFkEVgaVW5ttB9p6u4hmmnrg8E_P7Gly6dD3Iu4FnDb_2vCzRmN09MAIbUiZmYlOccHjkoQeKovZC0RBsxurL2W4uTWnRrPP3bC7iE2jQSEczg6jmE7xeRabSIZxZIYnVO2XnygJfT0NcVg2Z6J5WaFf48PTuhhqrNIonx3PgM_AG3l-KIXFwfTowAokz7kEu2O1EuT,zip_recruiter,Systems Engineer,National Security Agency,,"Fort Meade, MD, USA",,2023-12-04,,,,,,0,,,"Systems engineers perform trade studies to generate and translate conceptual designs into technical specifications, participate in the evaluation of prototype hardware systems and software solutions ..."
https://www.ziprecruiter.com/ek/l/AAJdLLoZ_-urVPDvM5nEmVDeJHFzFlFlxZquXwZ09CbrqP_ZQQa7nqpqWUFhm3wThUW63ODWiEYSfgPsSxZ-HiGV7KblVo7SJU-Zw0xmbmGq0IjyLCUHO9UhJ3u4Ja9yUndPTo-ZGpxYx_n2mqb4un1UFHycBJW0dJP0ner8NQcCbB8kdX82Kb_e4Vv0qA4j6A4ZXK9VbhQILtWj9vfvWi_8Oru4BXSZmAFxtg,zip_recruiter,Materials & Process (M&P) Engineer - Metals,Middle River Aerostructure Systems,,"Baltimore, MD, USA",,2023-12-04,,,,,,0,,,"Middle River Aerostructure Systems is a world-leading manufacturer of thrust reversers (the braking ... The M&P Engineer will work in the Materials and Processing Engineering team, on site at Middle ..."
https://www.ziprecruiter.com/k/l/AAJvXjpiiee6liW703xCntF7j8UWBmiFf_mOTR-hPxBsEncnv80zESPdSo8XLC10Sa3itW1kulUfGZLJEcPLQ0c8Lga01A7ddzEwfuY4iJSoAO6JDdCmIcQkf9JCAjEoh8P9Ri6nyYVHAyAR19j5MP-gP6oWMXFB0X9VZHYpw4yb13_ySXq441MstcMCvRTUxpKCrLq5IASheW1X5SiShbWxxEJLcPhC_3tvBT0,zip_recruiter,RIS I Cabling Support Manager - TS/SCI Poly required,Sound Engineering Solutions,,"Annapolis Junction, MD, USA",fulltime,2023-12-04,yearly,73000,82830,USD,,0,,,"We are looking for a RIS I Cabling Support Manager to join our team. You will assist in the Management of Projects of varying sizes and support the Cabling Group Manager. Responsibilities:Meets project completion schedules, labor, and material cost budgets.Responsible for managing multiple Cabling Managers on different projects and/or one large program.Insures the quality of workmanship, safety and documentation per project. Performs at least one quality and Safety Coaching Observation on each project bi-weekly.Initiates disciplinary actions for those employees working directly under the Cabling Manager.Responsible for effectively managing a project of approximately 30 – 70 hourly and management personnel with little or no direction from the Cabling Supervisor.Able to interface regularly with the Client, Architect, Cabling Engineer, or Cabling Draftsman on contractual, financial, cost, scheduling, technical or any other area related to the project(s) under the Cabling Manager’s supervision.Qualifications:TS/SCI Poly Clearance is REQUIREDShall have 8 (eight) years of experience that can be a combination of work history and education. A master’s degree is equivalent to 6 years of experience, a bachelor’s degree is equivalent to 4 years of experience and an associate’s degree is equivalent to 2 years of experience. The degree must be in Computer Science, Information Assurance, Information Security System Engineering, or related discipline from an accredited college or university.Has a thorough working knowledge of reading RFP’s, blueprints, specifications, contractual language and project scheduling (Microsoft Project) and system documentation.Familiar with Microsoft applications, Internet, P&L tracking reports, ability to estimate scheduling of material and man hours.Must possess excellent verbal and written communication skills and have the ability to work with multiple stakeholders.Must be able to effectively develop a detailed Statement of Work and estimates. "
